,product,title,rating,text
0,"Kindle, maintenant avec un Ã©clairage frontal intÃ©grÃ© | Sans publicitÃ©s, noir",Excellente lisseuse,5.0,"Video Player is loading.Play VideoPlayMuteCurrent TimeÂ 0:00/DurationÂ 0:00Loaded: 0%Stream TypeÂ LIVESeek to live, currently behind liveLIVERemaining TimeÂ -0:00Â 1xPlayback RateChaptersChaptersDescriptionsdescriptions off, selectedSubtitlescaptions and subtitles off, selectedAudio TrackFullscreenThis is a modal window.


Â â–¼â–²â–¼â–²â–¼â–²â–¼â–²â–¼â–²â–¼â–²â–¼â–²â–¼â–²â–¼â–²â–¼â–²â–¼â–²â–¼â–²â–¼â–²â–¼â–²â–¼â–²â–¼â–²â–¼â–²â–¼â–²â–¼â–²â–¼â–²â–¼â–²â–¼â–²â–¼Utilisateur du modÃ¨le Kindle depuis maintenant 3 ans jâ€™ai achetÃ© ce nouveau modÃ¨le et je vais vous donner mon avis sur celle-ci de deux maniÃ¨res :ğŸ‘‰ğŸ¼ Avec une vision dâ€™utilisateur possÃ©dant le modÃ¨le prÃ©cÃ©dent, pour rÃ©pondre Ã  la fameuse questionEst-il intÃ©ressant dâ€™investir dans le nouveau modÃ¨le quand on possÃ¨de dÃ©jÃ  la version prÃ©cÃ©dente ?ğŸ‘‰ğŸ¼ Avec une vision en tant que nouvel utilisateur Ã  savoir :Est-elle le meilleur choix de tablette Ã  acheter en 2019 ?â­ï¸â­ï¸â­ï¸ Design â­ï¸â­ï¸â­ï¸La kindle dans sa version noir Ã  un look trÃ¨s sympa, on reprend ici les grandes lignes des modÃ¨le prÃ©cÃ©dent pour la forme.Elle offre toujours une trÃ¨s bonne prise en main, le poids est lui aussi trÃ¨s lÃ©ger, pour ainsi ne pas ressentir de fatigue pendant de longues pÃ©riodes avant dâ€™avoir Ã  changer de mains.La hauteur et la largeur sont les mÃªmes, les boutons sont au mÃªme endroit, et bien que cette version soit un peu plus lourde, on le ressent Ã  peine. ( 13 grammes )â­ï¸â­ï¸â­ï¸ Ecran â­ï¸â­ï¸â­ï¸Bien quâ€™ici ce ne soit pas une Ã©norme amÃ©lioration du modÃ¨le de lâ€™annÃ©e derniÃ¨re, lâ€™affichage est lâ€™une des meilleures caractÃ©ristiques qui caractÃ©rise cette liseuse.Comme la plupart des liseuses elle utilise la technologie dâ€™encre numÃ©rique.Ce modÃ¨le utilise une version plus avancÃ©e, en outre lâ€™Ã©clairage a Ã©tÃ© amÃ©liorÃ©, il est plus uniformÃ©ment Ã©clairÃ©.De mon avis, concernant lâ€™affichage avec une encre numÃ©rique, elle est lâ€™une des meilleures liseuses sur le marchÃ©.Jâ€™adore lire avec, les textes sont trÃ¨s lisible que ce soit en intÃ©rieur / extÃ©rieur, au bord de la plage â€¦ avec peu ou aucune fatigue oculaire.(Et pourtant mon mÃ©tier de dessinateur fait que je travaille 8h par jours devant un Ã©cran, en plus des divers Ã©crans du quotidien â€¦ le soir lorsque j'utilise la lisseuse celle-ci ne me fatigue pas)â­ï¸â­ï¸â­ï¸ Processeur â­ï¸â­ï¸â­ï¸Le Kindle est dotÃ© d'un processeur correctement dimensionnÃ©, ce qui permet une navigation et une rotation plus fluides des pages.Ont peux ouvrir des livres, feuilleter des pages et naviguer dans les menus assez rapidement sans ressentir de lenteur.Je tenais Ã  dire que lâ€™effet clignotant lors de la rotation des pages nâ€™apparaÃ®t plus. Bien que, lors du passage Ã  une nouvelle page, je puisse toujours voir des restes dans les espaces vides causÃ©s par le texte de la page prÃ©cÃ©dente.Ceci est pour moi une belle mise Ã  jour.â­ï¸â­ï¸â­ï¸ Ã‰cran tactile â­ï¸â­ï¸â­ï¸L'Ã©cran tactile est bon, il fonctionne comme il se doit. L'Ã©cran rÃ©pond aux Ã©lÃ©ments que j'essaie de sÃ©lectionner. Il est rare que cela interprÃ¨te mal ma sÃ©lection et quand cela arrive il suffit de sâ€™y reprendre une 2Ã¨me fois.â­ï¸â­ï¸â­ï¸ Autonomie de la batterie â­ï¸â­ï¸â­ï¸Je n'ai pour le moment pas encore assez de recul pour vous en parler plus en dÃ©tail, je tiendrais a jours mon commentaire dâ€™ici quelques semaines dâ€™utilisation.Mais Amazon cite une autonomie de 4 semaines. Notez que ces conditions sont trÃ¨s spÃ©cifiques.""BasÃ©es sur une demi-heure de lecture par jour avec le Wifi Ã©teint et le rÃ©glage de l'Ã©clairage Ã  13"".â­ï¸â­ï¸â­ï¸ Recherche de mots â­ï¸â­ï¸â­ï¸L'une des choses que j'aime dans les liseuses Ã©lectroniques par rapport aux livres traditionnels est la possibilitÃ© de rechercher des dÃ©finitions de mots en temps rÃ©el, directement Ã  partir de l'appareil. Pas besoin de sortir un dictionnaire.Cela me permet de rechercher un mot dans le dictionnaire, pour moi c'est gÃ©nial. Je suis un chercheur de connaissances, et lorsque je dÃ©couvre quelque chose sur lequel je souhaite en savoir plus, qu'il s'agisse de la dÃ©finition d'un mot ou de l'obtention d'informations de base sur un terme, je peux le faire.â­ï¸â­ï¸â­ï¸ Page Flip â­ï¸â­ï¸â­ï¸La fonction de Â« Page Flip Â» est probablement la meilleure amÃ©lioration du logiciel mis Ã  jour, Ã§a dÃ©chire!GrÃ¢ce Ã  cela, je peux avancer ou reculer, comme en feuilletant les pages d'un livre rÃ©el.Cela fonctionne en ouvrant une fenÃªtre contextuelle en haut de la page en cours sur laquelle je suis. Ã€ partir de cet Ã©cran contextuel, je peux faire dÃ©filer la page ou le chapitre. Puisque je survole l'Ã©cran contextuel, je ne perds jamais ma place. Je trouve cela trÃ¨s pratique.Si je veux revenir en arriÃ¨re pour relire ou relire une section que j'ai mal compris. Lorsque j'ai terminÃ©, je peux fermer la fenÃªtre contextuelle pour revenir Ã  la page d'origine.â­ï¸â­ï¸â­ï¸ Note â­ï¸â­ï¸â­ï¸Rien dâ€™Ã©norme, mais Ã  noter que dans les versions prÃ©cÃ©dentes, regarder une note signifiait naviguer hors de la page que vous lisiez. Avec l'ajout de la fonction contextuelle, les notes s'ouvrent dans un Ã©cran sÃ©parÃ©. Ce nâ€™est pas une amÃ©lioration considÃ©rable, mais apporte un confort supplÃ©mentaireâ­ï¸â­ï¸â­ï¸ MÃ©morisation du vocabulaire â­ï¸â­ï¸â­ï¸Ce n'est pas quelque chose d'utile pour moi, mais d'autres pourraient en profiter. La Kindle recueille tous les mots pour lesquels vous recherchez des dÃ©finitions et les archive afin que vous puissiez les visualiser plus tard. Cela peut Ãªtre utilisÃ© comme un moyen de dÃ©velopper votre vocabulaire. Il y a un support intÃ©grÃ© pour rÃ©viser les mots, ce qui affichera Ã  la fois la dÃ©finition du mot et son contexte.â­ï¸â­ï¸â­ï¸ Ã‰cosystÃ¨me â­ï¸â­ï¸â­ï¸Lorsque vous achetez une liseuse Ã©lectronique, vous n'obtenez pas seulement un produit physique, vous bÃ©nÃ©ficiez Ã©galement des commoditÃ©s du systÃ¨me de cette marque. Amazon a une bibliothÃ¨que qui nâ€™est disponible nulle part ailleurs. Si vous Ãªtes un membre Prime, vous pouvez tÃ©lÃ©charger des livres gratuitement ... etcâ­ï¸â­ï¸â­ï¸ PDF â­ï¸â­ï¸â­ï¸Il vous sera possible dâ€™ajouter vos fichiers PDF dans la tablette et ceux de 2 maniÃ¨res diffÃ©rentes :* directement en le glissant dans la mÃ©moire de la Kindle* Envoyer par mail Ã  votre adresse Kindle ( xxxxxxx@kindle.com ) en incluant la piÃ¨ce jointe au mail avec en Object du message Â«  Convertir Â»Il mâ€™est arrivÃ© que quelques livre sois toutefois illisible sur la Kindle du fait probablement dâ€™un fichier de base de mauvaise qualitÃ©, si cela vous arrive il existe une solution de convertir le PDF en un format TEXTE, cet opÃ©ration nâ€™est Ã©galement pas des plus parfaite, vous y perdez toutes les images et parfois cela vous crÃ©e des lignes avec des caractÃ¨res spÃ©ciaux illisible.â­ï¸â­ï¸â­ï¸ PublicitÃ© â­ï¸â­ï¸â­ï¸Pour cette nouvelle version du Kindle je me la suis prise avec les publicitÃ©s ( il est possible de les enlever par la suite moyennent une petite finance ( 20â‚¬ ) auprÃ¨s dâ€™amazon si cela vous dÃ©range )ğŸ‘‰ğŸ¼ Alors cette pub, gÃªnante ?Que nenni:) Ã  vrai dire, la premiÃ¨re fois, je lâ€™ai limite cherchÃ©e ! Elle apparaÃ®t juste sur lâ€™Ã©cran de veille et un tout petit bandeau dâ€™un centimÃ¨tre Ã  lâ€™endroit oÃ¹ apparaÃ®t la liste de nos livres.La pub est uniquement de la rÃ©clame pour des livres ou pour la Kindle elle-mÃªme. Elle nâ€™est donc absolument pas gÃªnante, et nâ€™apparaÃ®t nulle part ailleurs. Je ne regrette donc absolument pas dâ€™avoir choisi cette version et je la garde telle quelle sans aucun souci.âœ”ï¸âœ”ï¸âœ”ï¸ Alors, devriez-vous acheter? âœ”ï¸âœ”ï¸âœ”ï¸ğŸ‘‰ğŸ¼ Si vous possÃ©dez un modÃ¨le  de l'annÃ©e derniÃ¨re, je ne pense pas que cela vaut la peine d'investir dans ce nouveau modÃ¨le. En termes de conception et de matÃ©riel, il nâ€™y a pratiquement rien qui Ã  changer. Oui, les pages tournent plus vite, mais votre expÃ©rience de lecture n'en changera pas.Les amÃ©liorations utiles se trouvent dans le logiciel, celle-ci seront d'ailleurs disponible au moyen de mises Ã  jour pour les anciens Kindle.Une vÃ©ritable mise Ã  niveau aurait consistÃ© Ã  ajouter un stylet, afin que vous puissiez prendre et sauvegarder des notes manuscrites ou peut-Ãªtre proposer un modÃ¨le avec un Ã©cran plus grand.ğŸ‘‰ğŸ¼ Si vous possÃ©dez un Kindle Fire, Fire HD ou une autre tablette et que vous songez Ã  vous procurer un lecteur plus portable, je la recommande.Ã€ la lumiÃ¨re du soleil, il y a beaucoup moins d'Ã©blouissement et, comme vous n'avez pas un Ã©cran brillant sur votre visage, la lecture est moins intense. De plus, les liseuses sont plus petites et plus lÃ©gÃ¨res, ce qui facilite leur transport au parc ou Ã  la plage. Un autre avantage est que la durÃ©e de vie de la batterie des liseuses Ã©lectroniques est considÃ©rablement plus longue.ğŸ‘‰ğŸ¼ Si vous possÃ©dez un autre modÃ¨le Kindle, je pense que la mise Ã  niveau en vaut la peine. Vous obtiendrez un Ã©cran plus grand, meilleur et plus lumineux, un appareil plus rapide, un Ã©cran tactile et davantage de fonctionnalitÃ©s logicielles.ğŸ‘‰ğŸ¼ Si vous ne possÃ©dez pas de liseuses Ã©lectroniques et que ce sera votre premier achat, ou si vous sortez du coma et que le concept de liseuses Ã©lectroniques est nouveau, vous ne pouvez pas vous tromper avec le nouveau Kindle. Bonne combinaison de matÃ©riel, logiciel et Ã©cosystÃ¨me.Une chose que je n'ai pas incluse est une comparaison avec d'autres marques. Personnellement, et je dÃ©teste dire Ã§a, mais je ne vois pas dâ€™avenir pour beaucoup dâ€™entre eux. Ce que Apple a fait Ã  Virgin Music et Ã  dâ€™autres magasins de disques, Amazon est sur le point de le faire pour les librairies et les dÃ©taillants."
1,"Kindle, maintenant avec un Ã©clairage frontal intÃ©grÃ© | Sans publicitÃ©s, noir","attention, cette tablette ne lit pas epub",4.0,"Tous mes e-book ont le format epub et cette liseuse ne les lit pas. Je n'ai pas bien lu toutes les infos sur cette tablettes. Du coup, il a fallu que je les mette tous en pdf.Dommage."
2,"Kindle, maintenant avec un Ã©clairage frontal intÃ©grÃ© | Sans publicitÃ©s, noir",Ecran tactile,4.0,"J'ai plus de 70 ans et un peu la tremblote, alors imaginez les plaisirs du tactile. Lettres tapÃ©es 2 ou 3 fois, base du pouce qui effleure la touche ""effacer"". Bref, j'ai mis 2 jours a essayer de m'enregistrer. Idem pour accÃ©der Ã  la bibliothÃ¨que, beaucoup trop proche du premier livre prÃ©sentÃ©. Ce sont des jeunes en pleine forme physique qui onty inventÃ© Ã§a, sans penser aux handicapÃ©s, aux vieux ni Ã  ceux qui ont des gros doigts.Pour le rest le rÃ©tro Ã©clairage c'est top. Je n'ai pas encore fait attention Ã  la durÃ©e d'une charge de batterie."
3,"Kindle, maintenant avec un Ã©clairage frontal intÃ©grÃ© | Sans publicitÃ©s, noir",C'est mon deuxiÃ¨me Kindle,3.0,"J'avais le premier modÃ¨le, Ã©cran non tactile, dÃ©placement avant et arriÃ¨re par bouton, Ã©clairage fourni par la coque achetÃ©e en plus, large autonomie ... avant qu'il ne me laisse tomber (plus moyen de le charger !)Avec ce dernier modÃ¨le avec Ã©cran tactile, je trouve une difficultÃ© de navigation qui n'existait pas auparavant, marche AV ou AR trop peu diffÃ©renciÃ©e. C'est peut Ãªtre une question d'habitude ... nous verrons. En ce qui concerne l'autonomie, le premier message rÃ©clamant la recharge me parait arriver bien vite."
4,"Kindle, maintenant avec un Ã©clairage frontal intÃ©grÃ© | Sans publicitÃ©s, noir",Super !,4.0,"Et dire que je me disais que non, moi le support papier c'est important ! Aujourd'hui je ne pourrais plus me passer de cette liseuse, je l'emmÃ¨ne partout, l'Ã©clairage est lÃ©ger et dans le lit je ne gÃ¨ne pas du tout mon conjoint. Un petit bug, j'ai du l'Ã©teindre et depuis Ã§a fonctionne bien."
5,"Kindle, maintenant avec un Ã©clairage frontal intÃ©grÃ© | Sans publicitÃ©s, noir",Le rÃ©tro Ã©clairage est pratique (y),5.0,"Contrairement Ã  la version prÃ©cÃ©dente le petit plus de lire dans le noir est top! Je recommande sans modÃ©ration :). Et le systÃ¨me est pareil que lâ€™ancienne version, donc on est pas trop perdu :)"
6,"Kindle, maintenant avec un Ã©clairage frontal intÃ©grÃ© | Sans publicitÃ©s, noir",pour grand lecteur disposant de peu de place pour stocker ses livres,4.0,"principalement utilisÃ© depuis trois semaines pour lecture deux Ã  trois heures par jour, dans ce cas la batterie tient 4jours (wifi dÃ©sactivÃ©) et non pas un mois comme certaine publicitÃ© le laisse entendre.L'Ã©clairage rÃ¨glable de l'Ã©cran trÃ¨s apprÃ©ciable selon la luminositÃ© ambiante. Excellente tenue en main de l'appareil. En wifi, le tÃ©lÃ©chargement des ebooks est quasi-instantanÃ©. Pas essayÃ© pour le moment le transfert ordi-kindle pour d'autres ouvrages.La possibilitÃ© de prÃªt de ebooks est une bonne idÃ©e car elle permet de trier ceux que l'on achÃ¨tera ou pas, en ebook ou en brochÃ©.. comme lors des prÃªts en bibliothÃ¨que municipale. Mais si j'ai bien compris, elle n'est pas systÃ©matique pour tous les titres."
7,"Kindle, maintenant avec un Ã©clairage frontal intÃ©grÃ© | Sans publicitÃ©s, noir",Liseuse,5.0,Super  liseuse  avec Ã©clairage  pour la nuit trÃ¨s lÃ©gÃ¨re  ce glisse  partout  dans mon sac elle  ne me quitte jamais  en plus le prix et trÃ¨s accessible  et il y a une gamme  de livres  Ã©normes  merci Amazon
8,"Kindle, maintenant avec un Ã©clairage frontal intÃ©grÃ© | Sans publicitÃ©s, noir",Parfait pour les accrocs aux livres !,5.0,"Il sâ€™agit de la liseuse Kindle Ã©dition 2019 avec Ã©clairage frontal.Contient le fil pour le chargement .Jâ€™avais un peu peur au niveau de la mise en route.Aucun souci câ€™est extrÃªmement facile de le faire fonctionner mÃªme pour une novice comme moi .On se laisse guider par les instructions.Cela sera plus pratique si vous connecter votre liseuse Ã  votre compte Amazon (tout se fera plus facilement)On peut rÃ©gler la luminositÃ©, la grosseur des Ã©critures...(pleins de paramÃ¨tres)Les publicitÃ©s ne mâ€™ont absolument pas dÃ©rangÃ©es , au contraire certaines dâ€™entre elles permettent de connaÃ®tre certaines  promotions et  elles donnent des idÃ©es de lectures personnalisÃ©es.On a accÃ¨s  Ã  notre bibliothÃ¨que personnelle avec les Å“uvres empruntÃ©es  et les Å“uvres achetÃ©es.On a aussi accÃ¨s Ã  un dictionnaire.Parfait lors ce que lâ€™on veut lire dans le noir (pour ne dÃ©ranger personne)On reprend notre lecture oÃ¹ on lâ€™a arrÃªtÃ© et on voit ce quâ€™il  nous reste Ã  lire  grÃ¢ce aux pourcentages.Câ€™est aussi des Ã©conomies  puisque les livres sont moins chers en format numÃ©rique.Il faudra cependant prÃ©voir une housse de protection car la matiÃ¨re de la liseuse glisse Ã©normÃ©ment.Câ€™est une excellente idÃ©e cadeau pour tous les accros Ã  la lecture.Je ne pourrai plus  mâ€™en passer dÃ©sormais .TrÃ¨s facile Ã  emporter grÃ¢ce Ã  son petit format.Je la glisse dans mon sac sans avoir peur dâ€™abimer mon livre !TrÃ¨s bon rapport qualitÃ© /prix .Jâ€™espÃ¨re que ce commentaire vous sera utile, si vous avez des questions nâ€™hÃ©sitez pas ."
9,"Kindle, maintenant avec un Ã©clairage frontal intÃ©grÃ© | Sans publicitÃ©s, noir",DÃ©cevant,1.0,"Si l'application Kindle est pleine de promesses (traductions, dictionnaire, synchronisation des notes), cette version du Kindle ressemble Ã  une Gameboy sans couleur ; l'outil est globalement franchement dÃ©cevant.- la taille : j'ai mis ma main Ã  cÃ´tÃ© du Kindle dans l'image, pour montrer sa dimension. C'est correct pour lire un livre Kindle, Ã§a ne l'est pas pour un pdf.- l'Ã©cran : peu lumineux, il fait des flash quand on le touche, est archaÃ¯que.- la rapiditÃ© : il est trÃ¨s lent.- la couleur : noir et blanc, on n'a plus l'habitude, c'est assez moche franchement pour l'accueil, les images, etc. car elles ne rendent pas toutes leurs qualitÃ©s- mode d'emploi : il donne l'impression d'un produit non fini, puisque certaines parties sont en espagnol (dans la partie en franÃ§ais)- la synchronisation : il y a un gros problÃ¨me de synchronisation entre les diffÃ©rents appareils Kindle, et cela vient notamment du fait que les applications (Kindle pour Android, Mac, et tablette Kindle) ne sont pas les mÃªmes et ne suivent pas la mÃªme progression.- pdf : vous pouvez souligner des pdf et prendre des notes mais vous en pourrez pas synchroniser sur vos diffÃ©rents appareils ces sur lignages (Ã  destination des thÃ©sards, chercheurs, etc. : il vaut mieux mettre un prix plus Ã©levÃ©)- plein de pub mÃªme si vous la limitez, c'est dÃ©sagrÃ©able pour un produit achetÃ©Avantages :- lÃ©ger et transportable, maniableMon conseil : Ã  Ã©viter ; autant prendre la tablette Fire je suppose."
10,"Kindle, maintenant avec un Ã©clairage frontal intÃ©grÃ© | Sans publicitÃ©s, noir",Cette nouvelle liseuse Kindle d'entrÃ©e de gamme (2019) est une bonne surprise,5.0,"J'ai achetÃ© cette liseuse Kindle (version 2019) proposÃ©e par Amazon en complÃ©ment d'un PaperWhite (version 2018), ce qui me permet de toujours avoir une liseuse sous la main, oÃ¹ que me trouve !MalgrÃ© la diffÃ©rence de prix, la liseuse d'entrÃ©e de gamme (2019) de la gamme Kindle est trÃ¨s proche de la version plus chÃ¨re, la PaperWhite (environ 50â‚¬ de diffÃ©rence).Si on oublie les diffÃ©rences techniques (en particulier la rÃ©solution de l'Ã©cran - 167 ppp pour l'entrÃ©e de gamme contre 300 ppp pour le PaperWhite - mais Ã  l'utilisation, on ne remarque pas vraiment la diffÃ©rence, Ã  moins de la chercher spÃ©cifiquement), il y a peu de diffÃ©rences entre les deux machines :En fait, le gros avantage du PaperWhite est qu'on peut l'utiliser dans son bain ou au bord de la piscine puisque cette liseuse accepte d'Ãªtre mouillÃ©e... sans excÃ¨s Ã©videmment !Le Kindle (2019) est sensiblement de la mÃªme taille que le PaperWhite (159,8 x 113,4 x 8.7 mm pour le premier contre 167 x 116 x 8,2 mm), alors que la machine d'entrÃ©e de gamme est plus lÃ©gÃ¨re (170 g contre 182 g).L'Ã©cran tactile de 6"", entourÃ© de bords relativement Ã©pais (mais un peu moins que le PaperWhite), est Ã©quipÃ© trÃ¨s traditionnellement pour un Kindle de la technologie E-Ink Pearl, trÃ¨s agrÃ©able et douce au toucher.L'ensemble est solide et ne craque ni ne bouge pas, quoiqu'on lui fasse subir.Pour la premiÃ¨re fois, Amazon a Ã©quipÃ© l'Ã©cran de sa liseuse d'entrÃ©e de gamme de rÃ©troÃ©clairage - 4 LEDs , contre 5 pour le PaperWhite.La lumiÃ¨re est trÃ¨s bien rÃ©partie sur l'ensemble de l'Ã©cran.S'agissant d'une machine peu chÃ¨re, l'Ã©clairage ne s'adapte pas automatiquement Ã  la lumiÃ¨re ambiante; mais il est toujours possible de modifier le rÃ©glage manuellement.Amazon a changÃ© aussi la faÃ§on de faire apparaÃ®tre son logo - sur le dos de l'appareil -, qui est passÃ© en blanc, plutÃ´t que le noir en surbrillance comme auparavant.L'effet est rÃ©ussi.La liseuse se recharge via un port mini-USB (cÃ¢ble sans prise fourni).On peut regretter qu'Amazon n'ait pas plutÃ´t Ã©quipÃ© sa machine d'un port USB-C, qui est de plus en plus la norme.Ã‡a oblige de toujours avoir Ã  s'Ã©quiper d'un cÃ¢ble de charge 'ancienne gÃ©nÃ©ration'.Ce port mini-USB est placÃ© sur le bord infÃ©rieur de la machine, Ã  cÃ´tÃ© du bouton de 'Marche / ArrÃªt'.Pour le reste, l'utilisation est exclusivement tactile (changer de page, surligner un mot, ajouter un signet, etc.), et fonctionne parfaitement.Amazon annonce une autonomie de plusieurs semaines.Ã€ partir d'une batterie Ã  100% (temps de charge d'un plus d'une heure Ã  partir de 0%), pour un temps de lecture journalier d'environ 40 minutes avec une luminositÃ© Ã  60%, je n'ai eu Ã  recharger mon Kindle (2019) qu'aprÃ¨s... 7 semaines !En veille (il n'est jamais nÃ©cessaire d'Ã©teindre la liseuse), l'appareil ne consomme pratiquement pas.Le Kindle (2019) vient avec 4 Go d'espace de stockage, dont Ã  peine 3 Go sont disponibles; le reste Ã©tant utilisÃ©s par les logiciels qui donnent vie Ã  la liseuse).La machine est Ã©quipÃ©e d'une connexion WiFi qui permet de se connecter Ã  son compte Amazon (lors de la premiÃ¨re utilisation), de chercher de nouveaux livres dans la boutique, d'installer sur le Kindle les ouvrages achetÃ©s, de mettre Ã  jour automatiquement le livre en cours de lecture commencÃ© sur une autre machine, etc.La premiÃ¨re connexion est trÃ¨s facile - je me suis connectÃ© Ã  ma box (SFR) en moins de deux minutes.La synchronisation entre machines est Ã©tonnamment rapide, puisqu'en moyenne l'appareil retrouve en moins d'une minute la derniÃ¨re page lue sur un autre Kindle (liseuse ou application installÃ©e sur une tablette ou un ordinateur par exemple).Le Kindle (2019) est Ã©quipÃ© de la mÃªme application que les autres Kindle (machines ou applis).Il s'agit d'un systÃ¨me on ne peut plus propriÃ©taire, ce qui veut dire qu'on doit rester dans l'univers Amazon pour l'utiliser.Si on accepte ce principe de base, il n'y a rien Ã  reprocher Ã  l'Interface Utilisateur (IU) :Rapide et intuitif, mÃªme le / la non-initiÃ©(e) pourra l'utiliser sans problÃ¨me - c'est peut-Ãªtre une impression (je n'ai pas mesurÃ©), mais je trouve que la Kindle d'entrÃ©e de gamme est plus rapide que le PaperWhite.J'aime beaucoup la recherche de dÃ©finition de mot facile d'accÃ¨s grÃ¢ce au dictionnaire (franÃ§ais) installÃ© par dÃ©faut sur la machine.Pour ceux qui lient des livres en d'autres langues, il est possible d'ajouter - en allant dans les paramÃ¨tres de la machine - autant de dictionnaires de ces langues que nÃ©cessaire.Je n'ai pas vÃ©rifiÃ© en dÃ©tail, mais le nombre de dictionnaires listÃ©s est impressionnant.Ceci dit, y compris en cours de lecture, on peut adapter la taille des caractÃ¨res, la police Ã  utiliser, l'espacement entre les lignes, la taille des marges, l'orientation (portrait ou paysage), voire mÃªme l'alignement (justifiÃ© ou non).Il y a mÃªme une option pour les malvoyants !Il y a beaucoup d'autres options de personnalisation disponibles qu'on est libre d'utiliser ou non.Bon Ã  savoir :Comme avec tous les Kindle, les membres d'Amazon Prime peuvent 'emprunter' et lire jusqu'Ã  10 livres sans payer un centime !Lorsque la limite des dix ouvrages est atteinte, il suffit d'en rendre un pour en emprunter un autre.Pas mal...Le Kindle (2019) est aussi Ã©quipÃ© d'une connexion Bluetooth qui permet de 'lire' des livres audio Ã  l'aide de casque / Ã©couteurs.Pour le moment, Ã§a ne fonctionne qu'avec des ouvrages en anglais, mais il y a fort Ã  parier que trÃ¨s bientÃ´t ce sera aussi disponible en franÃ§ais.Pour conclure, la liseuse d'entrÃ©e de gamme Kindle (2019) est parfaite :Solide, douce au toucher, lÃ©gÃ¨re, rapide, facile d'utilisation, Ã©cran tactile E-Ink Pearl de 6"" Ã©quipÃ© d'un rÃ©troÃ©clairage sans dÃ©faut et d'une bonne rÃ©solution... il n'y a rien Ã  en redire.Certains reprocheront peut-Ãªtre que cette liseuse les enferme dans l'univers Amazon; pour moi ce n'est pas un problÃ¨me, d'autant plus que le catalogue de livres est gigantesque dans toutes les langues, et que chacun peut y trouver ce qu'il y cherche, du dernier best seller Ã  la publication la plus confidentielle."
11,"Kindle, maintenant avec un Ã©clairage frontal intÃ©grÃ© | Sans publicitÃ©s, noir",Devenu incontournable...,5.0,"MISE A JOUR --AprÃ¨s une rÃ©ponse rapide du support technique Amazon suite aux problÃ¨mes dÃ©crits ci-dessous qui sont entretemps rÃ©solus, aprÃ¨s quelques mois d'utilisation, je revois mon commentaire qui devient trÃ¨s positif sur l'utilisation de cette nouvelle liseuse, devenu mon nouveau compagnon de voyage...----Utilisateur convaincu sur liseuses Kindle depuis 2011, et contraint d'en acheter une nouvelle suite Ã  un accident avec l'ancienne, en toute confiance, je me suis dÃ©cidÃ© sur ce nouveau modÃ¨le, encouragÃ© par son prix intÃ©ressant. Mon expÃ©rience d'utilisation est nÃ©gative :1/ arrÃªts incessants de la liseuse en pleine lecture (parfois toutes les 10 secondes) pour raison de tempÃ©rature d'utilisation (dans mon living Ã  20Â°)2/ Mode de navigation entre pages et chapitres variable en fonction des e-books3/ Messages rÃ©guliers d'erreurs lorsque j'essaie d'atteindre une page ou chapitre suivant sur certains eBooks.4/ HypersensibilitÃ© de l'Ã©cran tactile qui passe facilement Ã  la page prÃ©cÃ©dente / suivante5/ Plantage gÃ©nÃ©ral rÃ©gulier du systÃ¨me d'exploitation avec redÃ©marrages qui prennent parfois plus de 5 minutesA se demander si ce produit a Ã©tÃ© testÃ© par leurs concepteurs avant mise sur le marchÃ©...TrÃ¨s dÃ©Ã§u..."
12,"Kindle, maintenant avec un Ã©clairage frontal intÃ©grÃ© | Sans publicitÃ©s, noir",MisÃ©rable produit,1.0,"Une Ã©norme dÃ©ception, le produit est bien imaginÃ© mais programme pour le pays oÃ¹ vous vous trouvez donc merci au programmeur de ne pas penser aux expats câ€™est juste misÃ©rable. Vous habitez en Espagne alors vous aurez juste et uniquement la bibliothÃ¨que Espagnol, rien en franÃ§ais ou autres franchement Ã  dÃ©conseiller"
13,"Kindle, maintenant avec un Ã©clairage frontal intÃ©grÃ© | Sans publicitÃ©s, noir",Nouvelle liseuse KINDLE,1.0,"Utilisateur d'un ancienne kindle - modele 2014 - j'ai du la changer pour une nouvelle KINDLE modele 2021 pour des raisons de connecteur micro usb de recharge dÃ©fectueux.  Pourquoi est-il si difficile de changer un composant aussi simple ?  De plus je suis extrÃªmement dÃ©Ã§u par l'interface  et l'ergonomie de ma nouvelle liseuse. Gros lecteur  - plusieurs centaines de livres  , classÃ©s dans une quinzaine de collections  sur mon ancienne liseuse,  je pensais retrouver mon environnement familier sur ma nouvelle liseuse . Mais tout change  et en nettement plus compliquÃ©. J'avais apprivoisÃ© mon ancienne liseuse en moins d'une heure , avec un manuel utilisateur de moins de 10 pages .  Au bout de deux semaines  et avec un manuel utilisateur de prÃ¨s de 200 pages, je ne comprends toujours pas comment classer mes livres en collections simplement, m'y retrouver facilement entre mes diffÃ©rents livres  et circuler facilement dans ce labyrinthe qu'est ma liseuse actuelle ! pour moi une liseuse doit se rapprocher de l'expÃ©rience d'un livre papier , objet simple Ã  manipuler s'il en est .  Ma nouvelle liseuse me sature de publicitÃ©s, de propositions de lecture qui ne m'intÃ©ressent pas ,  de menus dÃ©roulants Ã  faire glisser, de menus de recherche mal conÃ§us , de filtres inutiles qui ne m'aident pas !!!  Bref l'expÃ©rience utilisateur que j'avais trouvÃ©e fabuleuse en 2014  est devenue fortement nÃ©gative en 2021 !!!???  Je suis persÃ©vÃ©rant  et je vais continuer encore quelques jours  mais si mon impression actuelle persiste je vais abandonner votre produit.  Vous avez abandonnÃ© le lecteur pour entrer dans un dÃ©lire technologique  sans rÃ©el intÃ©rÃªt pour l'usager.  Bien cordialement."
14,"Kindle, maintenant avec un Ã©clairage frontal intÃ©grÃ© | Sans publicitÃ©s, noir",Oui la lecture sans wifi est possible,5.0,"habituÃ©e avec la Kobo mais adhÃ©rente Ã  Amazon prime je souhaitai pouvoir bÃ©nÃ©ficier des livres prime  reading.  Jâ€™ai hÃ©sitÃ© Ã  cause de certains commentaires disant que le livres tÃ©lÃ©chargÃ©s nâ€™etaient pas disponible hors couverture wifi mais jâ€™ai fini par craquer et  Jâ€™ai donc sautÃ©  le pas et achetÃ© la nouvelle kindle 1019.AprÃ¨s 15 jours dâ€™utilisation je peux donc faire un retour prÃ©cis. La liseuse est lÃ©gÃ¨re, et trÃ¨s facile Ã  prendre en main. L'Ã©cran Tactile est trÃ¨s rÃ©actif, la luminositÃ© se rÃ¨gle facilement de mÃªme que les autres paramÃ¨tres de lecture. Le transfert des livres, une fois le choix sur Amazon fait, est instantanÃ©. Point important, mÃªme hors de mon domicile et donc hors accÃ¨s wifi les livres sont toujours bien prÃ©sents et accessibles Ã  la lecture.Le systÃ¨me dâ€™emprunt avec Amazon prime reading est vraiment parfait, un choix important de livres de toutes catÃ©gories qui permet de dÃ©couvrir de nouveaux auteurs talentueux.Bref vous lâ€™aurez compris je recommande particuliÃ¨rement la liseuse Kindle new gÃ©nÃ©ration 2019 ( jâ€™ai Kris le modÃ¨le sans offre spÃ©ciale je ne voulais pas Ãªtre embÃªtÃ©e avec de ma pub).Bonne lecture Ã  tous"
15,"Kindle, maintenant avec un Ã©clairage frontal intÃ©grÃ© | Sans publicitÃ©s, noir",Plutot dÃ©cue..,3.0,"Je possÃ¨de un Kindle Paperwhite, et aussi l'ancien Kindle Voyage. J'ai voulu essayer cette derniÃ¨re version, l'Ã©cran est lent et surtout quand on tourne la page, les caractÃ¨re sont d'abord un peu brouillÃ©s et ensuite deviennent nets, c'est assez insupportable pour lire. Je ne sais pas si c'est un dÃ©faut, et le produit a bien Ã©tÃ© mis Ã  jour, je vais voir pendant quelques jours, sinon je renverrai"
16,"Kindle, maintenant avec un Ã©clairage frontal intÃ©grÃ© | Sans publicitÃ©s, noir",Ecran figÃ© au bout de 5 mois,1.0,"QualitÃ© lamentable.. alors que mon Kindle d'il y a 10 ans marche encore, celui-ci s'est figÃ© au bout de quelques mois et ne redÃ©marre plus. Vu le nombre de messages qu'on trouve Ã  ce sujet sur internet, c'est un dÃ©faut intrinsÃ¨queâ€¦ aucune des astuces donnÃ©es par amazon ne fonctionne pour que le Kindle se relance. C'est parti pour le service client, je n'ai que Ã§a Ã  faire dans ma vieâ€¦ pourtant Ã§a doit pas Ãªtre si compliquÃ© de prÃ©voir une batterie potableâ€¦."
17,"Kindle, maintenant avec un Ã©clairage frontal intÃ©grÃ© | Sans publicitÃ©s, noir",Pas au point...,2.0,"J'ai flinguÃ© mon vieux Kindle. Alors j'en prends un autre. Chic, en voilÃ  un avec rÃ©troÃ©clairage (Ã§a manquait) et en promo avec les Prime Days.Je prends!Livraison: rien Ã  dire, c'est parfait.Finitions: C'est excellent. Bonne qualitÃ© de fabrication, Ã§a se sent.L'Ã©cran est dÃ©sormais tactile. Il n'y a plus qu'un seul bouton trÃ¨s discret pour allumer et Ã©teindre la bestiole.Mais Ã  l'usage... Oh lala, Jeff: c'est pas au point ton truc.Le tactile, c'est intuitif. Tourner la page, c'est facile. Mais si tu veux revenir plusieurs pages en arriÃ¨re, tu te mets Ã©videmment Ã  faire plusieurs fois le mÃªme geste, rapidement... Ben le Kindle ne suit pas: il alterne seulement 2 pages. Il faut tourner les pages LENTEMENT. Sinon, il n'aime pas Ã§a: tu crois Ãªtre revenu en arriÃ¨re de 10 pages et en fait seulement 1 ou 2. Et parfois mÃªme il t'envoie vers la page suivante!Bref, les deux boutons latÃ©raux me manquent. Ce modÃ¨le lÃ  a Ã©tÃ© conÃ§u trop vite. J'espÃ¨re qu'une mise Ã  jour logicielle viendra corriger ce machin.Dernier petit point parce que moi pas content: la navigation n'est pas tiptop. L'accÃ¨s Ã  la bibliothÃ¨que est pÃ©nible."
18,"Kindle, maintenant avec un Ã©clairage frontal intÃ©grÃ© | Sans publicitÃ©s, noir",un kindle mais pas d'Ã©clairage frontal !!,2.0,"J'ai achetÃ© ce kindle derniÃ¨re gÃ©nÃ©ration car l'Ã©clairage frontal m'intÃ©ressait et que mon paperwhite commenÃ§ait Ã  fatiguer. La surprise est de constater que ce kindle est en fait rÃ©troÃ©clairÃ© et non avec un Ã©clairage frontal comme annoncÃ©, ce qui change tout !! Remettez nous des kindle sans rÃ©troÃ©clairage car mÃªme si nous pouvons l'enlever, l'Ã©cran reste Ã©clairÃ© et donc douloureux pour les yeux"
19,"Kindle, maintenant avec un Ã©clairage frontal intÃ©grÃ© | Sans publicitÃ©s, noir",Trop de pubs. Insupportable,1.0,"Ã‰cran de pub en ouvrant, deuxiÃ¨me Ã©cran de pub auprÃ¨s entrer le code, il faut attendre que Amazon autorise l'utilisateur a rÃ©cupÃ©rer l'accÃ¨s de son Kindle aprÃ¨s un temps imposÃ©.Ã‰crans de pubs dans la liste des livres. Les titres et les images sont illisibles, c'est trÃ¨s dur de retrouver un ouvrage entre ces images floues et ces pubs.Bref, mÃªme en payant on nous impose encore de la pub a outrance. Je suis choquÃ© et trÃ¨s dÃ©Ã§u."
20,"Kindle, maintenant avec un Ã©clairage frontal intÃ©grÃ© | Sans publicitÃ©s, noir",GÃ©nial et connectÃ©,5.0,"Absolument formidable.Je dispose dÃ©jÃ  d'une liseuse d'une grande marque concurrente mais j ai achetÃ© celle ci pour profiter de la bibliotheque gratuite d'Amazon Primeâ€¦Quel bonheur, quel simplicitÃ©.Cette liseuse est vraiment simple Ã  utiliser, l'Ã©cran est trÃ¨s agrÃ©able et la luminsoitÃ© parfaitement rÃ©glable.Le petit truc en plus que j'adore? Pouvoir accÃ©der directement au catalogue Amazon depuis la liseuseâ€¦ encore mieux? la possibilitÃ© d'ajouter des livres a ma bibliotheque depuis mon tÃ©lÃ©phone et les retrouver sur ma liseuse ensuite.Je recommande l'achat.Si vous avez trouver ce commentaire utile, n'hÃ©sitez pas Ã  le dire."
21,"Kindle, maintenant avec un Ã©clairage frontal intÃ©grÃ© | Sans publicitÃ©s, noir",Pratique,4.0,"Au dÃ©but j'utilisais l'application Kindle sur mon iPad ou iPhone. Je trouvais cela pratique mais sans plus. Je ne voyais pas vraiment l'intÃ©rÃªt de passer sur le Kindle. J'ai pourtant craquÃ© pour le modÃ¨le de base, et ne regrette pas.Tout d'abord je ne comprends pas ces personnes qui rÃ¢lent Ã  cause de la pub. Pour ma part j'ai pris le modÃ¨le avec Pub, et ce n'est vraiment pas dÃ©rangeant. C'est mÃªme plutÃ´t sympa de voir des nouveaux fond d'Ã©cran uniquement lorsque le Kindle est au mode veille. TrÃ¨s discret, c'est uniquement la photo de fond en mode veille qui change. Donc les personnes qui sont rÃ©fractaires Ã  cela, peuvent pour quelques euros supplÃ©mentaires prendre la version sans pub. Mais encore une fois c'est tellement discret, et Ã  aucun moment on est polluÃ© lors de la lecture. Pour ce coup ci +1 Ã  Amazon. Ensuite, je conseille vivement pour une question de confort de lecture par rapport Ã  une tablette. Le papier effet mate, et super agrÃ©able. C'est peut Ãªtre pas super top quand la piÃ¨ce est sombre, mais cela passe amplement, et l'on n'Ã©prouve aucune fatigue visuelle +0,5 Amazon (pour l'aspect rÃ©tro-Ã©clairage qui pourrait Ãªtre amÃ©liorÃ©). Le faite de lire sur un kindle apporte Ã©galement l'aspect ""dÃ©connexion"", pas de pollution mail, sms, et autres notifications. On fait de la lecture, et c'est trÃ¨s bien. Ce coup ci un grand +1 Amazon. L'aspect navigation reste Ã  mon sens la partie faible. Rien Ã  redire quand au changement de page, mais dÃ¨s que l'on veut chercher un autre livre, ou souligner un mot, rechercher une dÃ©finition, c'est un peu moins bien. +1 pour le changement de page. +0,2 pour l'aspect config et recherche de nouveaux livres. Le dernier point : La prise en main n'est pas des plus ergonomique. Peut-Ãªtre liÃ© Ã  mes grosses mains, mais avoir une possibilitÃ© de rotation aurait Ã©tÃ© un plus. +0,4.VoilÃ  pour mes commentaires."
22,"Kindle, maintenant avec un Ã©clairage frontal intÃ©grÃ© | Sans publicitÃ©s, noir",IdÃ©ale pour dÃ©buter,4.0,"Le produit multimÃ©dia n'a pas pu Ãªtre chargÃ©.
                



Â PremiÃ¨re liseuse, offerte, car je n'en aurais je pense jamais achetÃ©e une.Pour moi, l'idÃ©e du cadeau correspond plutÃ´t Ã  ceci : ""offrez-moi prioritairement ce dont je n'ai pas besoin mais qui me tenterais bien"", une liseuse occupait cette liste d'idÃ©es kdo depuis qq annÃ©es.Mes parents sÃ©chaient un peu cette annÃ©e encore alors, pour ce prix de 50â‚¬ je leur ai indiquÃ© la promo Avec les pubs ! De toutes faÃ§ons, si je les trouve gÃªnantes je peux les enlever (â‚¬) ou retourner la liseuse. Pourquoi payer plus dÃ¨s le dÃ©but ?Je la reÃ§ois blanche ce qui est plutÃ´t cool pour moi. Moins de traces de doigts, moins facile Ã  Ã©garer, au soleil Ã§a chauffe moins et c'est plus proche du livre Ã©galement.Et mon profil, peut-Ãªtre ? Le voici : lecteur occasionnel, je dois me forcer pour trouver du temps Ã  consacrer Ã  lire des romans, c'est un peu plus facile pour les BD que j'affectionne particuliÃ¨rement pour leur cotÃ© graphique.Je ne dÃ©teste pas lire, mais avoir un livre sur moi est contraignant, mÃªme devoir tenir les pages pour lire : format poche obligatoire vous l'aurez peut-Ãªtre devinÃ©.Bref j'arrive quand mÃªme Ã  lire deux ou trois romans par an lorsque je suis sÃ»r d'avoir le temps pour les finir. L'Ã©tagÃ¨re des livres ""Ã  terminer"" est lourde.Je lis par contre beaucoup sur Ã©cran, des articles aux exposÃ©s, de formations aux rapports divers... et Ã§a ne m'a jamais posÃ© de problÃ¨me. Voici d'oÃ¹ vient l'idÃ©e lointaine d'une liseuse.Revenons-en Ã  cette Kindle (reÃ§ue jeudi, premier roman (court) lu hier en deux heures de rang avec une pause cafÃ© -ou deux- avec Mme) :-Suffisamment petite pour se glisser partout,-Le plastique sonne creux mais ne se dÃ©forme pas. Elle devrait donc survivre Ã  son usage,-Le blanc ne garde pas la marque de mes doigts gras, mais pourrait peut-Ãªtre Ãªtre salissant ? on verra et on nettoiera.-TrÃ¨s peu de boutons (un seul en fait, pour la rÃ©veiller), j'aurais sÃ»rement prÃ©fÃ©rÃ© des boutons physiques pour changer les pages. Mais aprÃ¨s la lecture de mon premier livre, je me suis redu compte que je la tenais Ã  deux mains, les pouces dÃ©bordant lÃ©gÃ¨rement sur l'Ã©cran et qu'un lÃ©ger basculement de ceux-ci permet de toucher l'Ã©cran sans trop d'effort... bilan Ã©nergÃ©tique trÃ¨s favorable donc...-L'Ã©cran est confortable mÃªme si je ne le trouve pas trÃ¨s rÃ©actif et que cette transition d'un Ã©cran Ã  l'autre en passant par son nÃ©gatif me dÃ©range (voir vidÃ©o). La rÃ©solution plus basse que celle d'autres modÃ¨les n'a vraiment pas Ã©tÃ© un handicap car mÃªme si vous choisissez de trÃ¨s petits caractÃ¨res, ils sont suffisamment bien dÃ©finis pour ne pas baver et devenir difficiles Ã  lire.-Le rÃ©troÃ©clairage ne m'est vraiment pas utile. Je ne lis pas au lit et lorsque j'ai besoin de voir, j'allume la lumiÃ¨re de la piÃ¨ce, une lampe, une bougie pourquoi pas (tiens ? c'est Ã  essayer Ã§a). Du coup, je n'aurai pas de souci de fatigue oculaire ou autre empoisonnement Ã  la lumiÃ¨re bleue malÃ©fique... Il fait donc le job, mais je trouve l'Ã©clairage mal rÃ©parti, les 4 led sont Ã  la base de l'Ã©cran et je distingue trÃ¨s nettement d'oÃ¹ l'Ã©clairage est issu et les zones qui sont plus Ã©clairÃ©es que les autres. Ma femme par contre ne le remarque pas, ce n'est donc qu'une histoire de perception...-Les menus sont ce qu'ils sont et je m'y ferai certainement, mais lÃ  encore cette transition entre les Ã©crans est pÃ©nible.-Les rÃ©glages sont nombreux et vous trouverez votre compte.-L'accÃ¨s Ã  la bibliothÃ¨que Amazon est directe. Elle st connue pour Ãªtre immense et la synchronisation avec vos achats de livres est instantanÃ©e.-La quantitÃ© de mÃ©moire pour le stockage est amplement suffisante. Et mÃªme si je comprends que l'on puisse discuter sur le fait qu'Amazon communique sur 8Go alors qu'on ne dispose au final ""que"" de 6Go, ce n'est plus un secret pour personne et on s'accordera Ã  dire que c'est beaucoup plus que ce qu'il est nÃ©cessaire d'avoir.-La pub ! car c'est bien Ã§a qui va intÃ©resser ceux qui hÃ©sitent entre les deux versions... Je me suis d'abord demandÃ© si on m'avait livrÃ© la bonne version tellement elle est discrÃ¨te. Alors oui, on vous suggÃ¨re des livres sur l'Ã©cran de veille, oui on vous en suggÃ¨re aussi dans votre bibliothÃ¨que, mais vous le regardez, vous, votre Ã©cran de veille ? et avoir des suggestions de lecture ne me dÃ©range pas, j'en ai aussi Ã  la mÃ©diathÃ¨que de mon village ou dans les librairies.Bilan, je trouve que le prix offert pour accepter ces suggestions-lÃ  correspond pour une fois Ã  ce que je concÃ¨de.Pour finir, la derniÃ¨re photo reprÃ©sente ce que je conseillerais de faire... l'Ã©cran s'Ã©teint !Et oui c'est possible et Ã§a Ã©conomisera vos batteries, tout comme dÃ©sactiver le wifi ou Ã©teindre le rÃ©troÃ©clairage. De toutes faÃ§ons, une liseuse doit surtout Ãªtre disponible sans aucun rÃ©seau, en plein soleil sur une chaise longue, comme un bouquin ! A propos des livres, une pensÃ©e pour ceux qui s'offusquent encore de voir les liseuses faire disparaitre les livres, je dirai que les marteaux n'ont jamais remplacÃ© les pierres et inversement...La finalitÃ© de leur utilisation peut parfois Ãªtre la mÃªme, les deux garderont toujours leurs spÃ©cificitÃ©s.Conclusion :Si mon profil vous correspond, faites ce choix.Si vous cherchez vraiment une liseuse et que votre budget est serrÃ©, faites aussi ce choix.Et si vous recherchez une liseuse sans que son prix ne soit un critÃ¨re pour vous ; pourquoi payer plus ?"
23,"Kindle, maintenant avec un Ã©clairage frontal intÃ©grÃ© | Sans publicitÃ©s, noir",Excellent produit,5.0,"4Go Ã§a reprÃ©sente entre 4 et 8 000 livres. Donc largement de quoi occuper mon temps libre, je ne suis pas immortel et j'ai d'autres activitÃ©s.D'autant plus que la plupart des livres occupent trÃ¨s peu de place avec l'abonnement kindle que j'utilise et qui m'offre l'accÃ¨s Ã  10 livres en mÃªme temps (les autres Ã©tant dans la bibliothÃ¨que amazon).C'est aussi le point fort de cette liseuse: l'abonnement mÃªme si il n'offre pas l'intÃ©gralitÃ© des livres existant dans le monde (ce qui n'est pas numÃ©risÃ© ne peut pas Ãªtre disponible sur un ordinateur). La bibliothÃ¨que est assez vaste pour m'occuper.Je peux la complÃ©ter avec la boutique en ligne ou en tÃ©lÃ©chargant des livres depuis internet au format mobi (j'en ait prÃ¨s de 2 000 qui sont dans le domaine publique et d'excellente qualitÃ©).Les 2 000 livres en questions occupent environ 1,7Go, il me reste pas mal de place pour les autres ouvrages.L'autonomie est trÃ¨s bonne, je suis un gros lecteur, je peux lire 3 heures par jour en moyenne ce qui consomme environ 10 % de la batterie de l'appareil, j'en conclus donc qu'elle a une autonomie de 24 heures avec le rÃ©tro Ã©clairage actif.La recharge est rapide et prends moins d'une heure.Le poids est bon, elle est lÃ©gÃ¨re et permet de lire allongÃ© sur le dos pendant des heures!"
24,"Kindle, maintenant avec un Ã©clairage frontal intÃ©grÃ© | Sans publicitÃ©s, noir",Conquise,5.0,"Je disais toujours prÃ©fÃ©rer le contact avec un livre et puis .....Je me suis intÃ©ressÃ©e aux kindle Ã  cause de l'arthrose dans mes mains car j'avais de plus en plus de mal Ã  tenir en mains un livre. La douleur occasionnÃ©e me gÃ¢chait le plaisir de la lecture.Donc j'ai testÃ© et adoptÃ© totalement. Pour un premier achat de kindle j'ai hÃ©sitÃ© puis optÃ© pour la moins chÃ¨re et je ne suis absolument pas dÃ©Ã§ue.La luminositÃ© est parfaite pour lire en plein soleil ce qui Ã©tait ma grande interrogation.J'utilise la luminositÃ© sur 2 Ã  l'intÃ©rieur comme Ã  l'extÃ©rieur et c'est parfait. Moins d'intensitÃ© permet d'y voir aussi trÃ¨s bien mais je trouve le fond un peut trop gris.Son utilisation est trÃ¨s facile et on trouve toutes les aides sur Amazon si besoin.Quel plaisir d'avoir plein de livres avec soi, partout, et pour un petit poids !!!!La lecture est trÃ¨s agrÃ©able et facile alors que je n'aime pas lire sur pc ou tÃ©lÃ©phone.Je ne regrette pas du tout le livre papier, si j'avais su j'aurais achetÃ© une kindle bien plus tÃ´t."
25,"Kindle, maintenant avec un Ã©clairage frontal intÃ©grÃ© | Sans publicitÃ©s, noir",Kindle 2019,5.0,"AprÃ¨s un long moment dâ€™hÃ©sitation, je me suis enfin lancÃ© dans lâ€™achat dâ€™une liseuse numÃ©rique.AprÃ¨s avoir regardÃ© sur le Net, jâ€™ai dÃ©cidÃ© dâ€™opter pour cette Kindle 2019.La facilitÃ© est au rendez-vous, que ce soit pour le choix des livres ou lâ€™utilisation au quotidien.Lâ€™Ã©cran rÃ©tro Ã©clairÃ© est un avantage certain pour ne pas gÃªner le voisin  de lit si lâ€™on est dÃ©cidÃ© Ã  lire jusque tard la nuit.Le confort de lecture est vraiment parfait que ce soit en luminositÃ© normal ou en plein soleil ou il est mÃªme plus facile de lire sur lâ€™Ã©cran que sur un vrai livre.Bref, je recommande cet achat Ã  tous ceux qui sont encore un petit peu sceptique Ã  lâ€™achat dâ€™une liseuse numÃ©rique.Lâ€™option Amazon Prime permet en plus dâ€™emprunter des livres gratuitement et de dÃ©couvrir ainsi de nouveaux auteurs, une palme spÃ©ciale Ã  Damien Leban et Ã  Richard Pavloski."
26,"Kindle, maintenant avec un Ã©clairage frontal intÃ©grÃ© | Sans publicitÃ©s, noir",Une bibliothÃ¨que lÃ©gÃ¨re et Ã  un prix dÃ©fiant toute concurrence,5.0,"Voici une liseuse dont le prix permet Ã  toute personne qui hÃ©site Ã  passer Ã  la lecture numÃ©rique de franchir le pas.Tout dâ€™abord, le dÃ©ballage : un packaging sobre, classe et bien pensÃ© : trÃ¨s facile de sortir lâ€™appareil et lâ€™emballage intÃ©rieur reprend lâ€™illustration bien connue du Kindle, traitÃ©e dans des tons de noir. Cela donne un cÃ´tÃ© un peu haut de gamme, trÃ¨s sympa pour un cadeau (Ã§a pourrait donner des idÃ©es Ã  dâ€™autres fabricants qui vendent des appareils bien plus chers dans des boÃ®tes moins Ã©conomes en carton mais nettement moins bien pensÃ©es).La liseuse elle-mÃªme est trÃ¨s lÃ©gÃ¨re, dâ€™un design parfaitement intemporel avec des bords et des coins arrondis suffisamment larges pour une bonne prÃ©hension sans risquer de mauvaises manipulations de lâ€™Ã©cran. Mon choix sâ€™est portÃ© sur la version blanche car jâ€™ai dÃ©jÃ  une version noire et ainsi pas de risque de se tromper de Kindle et de partir avec celui de ma compagne et l'empÃªcher de terminer son chapitre ;-)Le Kindle est en partie chargÃ©, on peut donc commencer Ã  lâ€™utiliser dÃ¨s la sortie du carton.Le dÃ©marrage est assez rapide et câ€™est une opÃ©ration quâ€™on nâ€™aura pas Ã  faire souvent puisquâ€™on ne lâ€™Ã©teint en principe jamais.Quelques instants plus tard, on nous propose de paramÃ©trer le Kindle : langue, rÃ©gion, wifiâ€¦ et lorsque tout Ã§a est rÃ©glÃ©, la page dâ€™accueil sâ€™affiche.Pour ceux qui ont dÃ©jÃ  utilisÃ© un Kindle, rien ne change et câ€™est tant mieux car tout est simple Ã  utiliser et affichÃ© clairement.Par dÃ©faut, la page dâ€™accueil montre notre bibliothÃ¨que, les listes de lecture et des recommandations de lecture. Si on prÃ©fÃ¨re, on peut tout Ã  fait choisir de nâ€™afficher que sa bibliothÃ¨que et ainsi nâ€™avoir sous les yeux que ses livres, si on met de cÃ´tÃ© les publicitÃ©s.Petit mot Ã  propos de ces annonces : elles ne sont en aucun cas une gÃ¨ne. Contrairement Ã  ce quâ€™on a lâ€™habitude de voir sur les portables, tablettes ou sites web, ces annonces sont restreintes Ã  une petite zone en bas de lâ€™Ã©cran, Ã©videmment seulement sur lâ€™Ã©cran dâ€™accueil et jamais en cours de lecture. On les retrouve aussi sur lâ€™Ã©cran de veille, elles prennent alors la place des images visibles sur cet Ã©cran si on prend la version sans annonces. Je conseille de prendre la version avec annonces tant on ne les remarque pas.Une fois quâ€™on commence Ã  lire, la petite crainte quâ€™on peut avoir concernant la rÃ©solution (plus faible que celle du Paperwhite) sâ€™efface : la qualitÃ© dâ€™affichage est vraiment trÃ¨s bonne, et lâ€™Ã©clairage remplit parfaitement son rÃ´le. On peut donc lire sans fatigue (si vous nâ€™avez jamais essayÃ© de liseuse et pensez que câ€™est assez proche dâ€™une tablette, testez et vous verrez que Ã§a nâ€™a rien Ã  voir) Ã  la fois en pleine lumiÃ¨re (pas de reflets) ou le soir, mÃªme dans une piÃ¨ce trÃ¨s sombre.Lâ€™Ã©clairage est bien-sÃ»r rÃ©glable, de mÃªme que la police de caractÃ¨re et la mise en page (marges ou espacement par exemple). On a donc un livre qui sâ€™adapte Ã  votre vue et pas le contraire.Question rÃ©activitÃ©, le Kindle laisse oublier son tarif : toutes les opÃ©rations se font sans attente, les pages se tournent sans dÃ©lai. Câ€™est bien simple, aprÃ¨s quelques temps, retourner lire sur papier devient inconfortable.La liseuse ne propose pas beaucoup dâ€™outils en plus de la lecture mais ce nâ€™est pas son rÃ´le. On retrouve quand mÃªme un navigateur â€œde dÃ©pannageâ€ mais surtout la possibilitÃ© dâ€™accÃ©der Ã  la dÃ©finition dâ€™un mot, de traduire des passages dâ€™ouvrages ou encore de prendre des notes et de placer des signets.Jâ€™ai achetÃ© ce Kindle avec lâ€™Ã©tui en tissu sable. On protÃ¨ge le Kindle et ce dernier sâ€™allume ou sâ€™Ã©teint quand on ouvre ou ferme lâ€™Ã©tui, faisant ainsi ressembler le Kindle encore plus Ã  un livre.Nâ€™hÃ©sitez pas, Amazon maÃ®trise parfaitement son sujet."
27,"Kindle, maintenant avec un Ã©clairage frontal intÃ©grÃ© | Sans publicitÃ©s, noir",Satisfait de ma premiÃ¨re liseuse,5.0,"C'est ma toute premiÃ¨re liseuse et j'en suis trÃ¨s satisfait aprÃ¨s environ 1 mois d'utilisation.Je dÃ©couvre encore ce monde des livres numÃ©riques. Je ne lisais plus du tout depuis des annÃ©es et avec ce Kindle, je lis maintenant quasiment tous les soirs.Pas de fatigue visuelle. La liseuse est assez lÃ©gÃ¨re, de bonne taille, sans Ãªtre trop grand pour autant.La batterie tient bien la charge.Le systÃ¨me d'envoi des livres par mail est trÃ¨s pratique et simple. Et un grand choix de livres, gratuits, payants, sur abo (Prime ou Abo Kindle) sur Amazon.L'Ã©cran me convient bien. Le rÃ©tro-Ã©clairage (rÃ©glable) est pratique en cas de luminositÃ© faible.Donc vraiment trÃ¨s content de cet achat !"
28,"Kindle, maintenant avec un Ã©clairage frontal intÃ©grÃ© | Sans publicitÃ©s, noir","ATTENTION aux ""offres spÃ©ciales""",5.0,"IMPORTANT, LISEZ CECI :Les offres spÃ©ciales sont des publicitÃ©s qui apparaÃ®tront Ã  l'Ã©cran de la tablette. Vous payez donc votre produit 10â‚¬ moins cher, mais vous Ãªtes susceptibles d'avoir de la pub Ã  l'Ã©cran (mÃªme si cette pub n'est pas censÃ©e interrompre votre lecture)--Ceci Ã©tant dit, j'ai acquis cette liseuse trÃ¨s rÃ©cemment, en hÃ©sitant avec la Paperwhite 2019.J'avais peur que la rÃ©solution soit trop basse, mais, mÃªme si la Paperwhite est bien mieux dÃ©finie, celle-ci se dÃ©fend trÃ¨s bien sur de l'affichage de texte, et il n'y a pas de sensation de flou.CÃ´tÃ© luminositÃ© / Ã©clairage, l'Ã©clairage est moins performant que sur la Paperwhite, mais c'est la mÃªme technologie d'Ã©clairage frontal, avec une diode de moins, il n'y a donc pas de rÃ©volution entre les deux. La luminositÃ© peut Ãªtre rÃ©glÃ©e vraiment basse, ce qui permet de ne pas rÃ©veiller Madame lorsque je souhaite lire la nuit. TrÃ¨s bien !Enfin, ce qui surprend le plus, c'est l'Ã©cran tactile : nous sommes habituÃ©s aux Ã©crans des smartphones (et aux processeurs cachÃ©s derriÃ¨re)... ici c'est beaucoup plus sommaire : trois zones sur l'Ã©cran (bandeau du haut, bandeau de gauche et reste de la page)- le bandeau du haut permet d'accÃ©der au menu- le bandeau de gauche permet de revenir Ã  la page prÃ©cÃ©dente- le trÃ¨s grand bandeau de droite permet d'avancer d'une pageLa navigation est trÃ¨s simple, mÃªme s'il m'arrive, par inadvertance, d'avancer de deux ou trois pages Ã  la fois.Un seul tout petit reproche, en fait. J'aurais aimÃ© avoir un bouton physique pour pouvoir activer l'Ã©clairage de l'Ã©cran. En effet, je n'ai pas besoin d'Ã©clairer l'Ã©cran pour lire dans la journÃ©e, mais il m'est quasi-impossible d'activer l'Ã©clairage de l'Ã©cran en pleine nuit sans devoir allumer une lumiÃ¨re. Bref, je me suis rÃ©solu Ã  laisser l'Ã©clairage faiblement activÃ©, mÃªme en journÃ©e... au dÃ©triment de l'autonomie.Ceci mis Ã  part, je suis trÃ¨s heureux de mon achat !"
29,"Kindle, maintenant avec un Ã©clairage frontal intÃ©grÃ© | Sans publicitÃ©s, noir",ProblÃ¨me d'autonomie de la charge !!!,4.0,"DÃ¨s rÃ©ception liseuse chargÃ©e avec le cÃ¢ble fourni pour atteindre 100%.Lecture  1/2 h en huit jour une seule fois appareil Ã©teint chaque fois.la batterie est Ã  60 %, Ã©teinte et 1/2 h d'utilisation ce n'est pas normal.Je met le problÃ¨me sur le fait que la batterie est neuve et doit se normaliser.Mis en charge ce jour Ã  100% et je vais vÃ©rifier dans quelques jour pour voir si elle se dÃ©charche Ã  nouveau sans utilisation et Ã©teinte manuellement.A suivre !!!---------------------------------------------------------------La suite sans utilisation de lecture et en mode avion (sans Wifi)Pour finir les essaies je n'ai pas utilisÃ© la liseuse pour bien vÃ©rifier le comportement de la batterie:2eme chargeElle perdait 3% par jour sans utilisation, puis c'est stabilisÃ©e Ã  1Ã  2 % de perte au bout de 8 jours.3 eme chargeEn 4 jours 2% de perte.Donc je pense qu'il faut faire plusieurs charges pour que la batterie soit fonctionnelle correctement.Je viens de modifier mon Ã©valuation, car elle est pratique et d'un prix correct."
30,"Kindle, maintenant avec un Ã©clairage frontal intÃ©grÃ© | Sans publicitÃ©s, noir",Que demander de plus ?,5.0,"Absolument fan de la version blanche. La tablette est lÃ©gÃ¨re, bien construire, vraiment belle, lâ€™Ã©cran est ultra agrÃ©able. Jâ€™ai pris la version avec offres, pour tester, et honnÃªtement Ã§a vaut le coÃ»t. La publicitÃ© ne sâ€™affiche que par deux endroits : lorsque lâ€™Ã©cran est verrouillÃ©, et lorsque quâ€™on est dans la page dâ€™accueil, avec un bandeau en bas trÃ¨s discret. De plus, vous nâ€™aurez pas de publicitÃ© comme Â«Â -50% dans votre supermarchÃ© prÃ©fÃ©rÃ© sur les pots de confituresÂ Â» mais uniquement des offres relatives aux accessoires Amazon ou aux livres, donc autant dire que les publicitÃ©s sont intÃ©ressante et pas dÃ©rangeante. Si toutefois vous changez dâ€™avis, vous pourrez supprimer les publicitÃ©s en payant 10â‚¬. Pour ce qui est de lâ€™abonnement, Ã§a vaut le coÃ»t lÃ  aussi, car vous payez 10â‚¬ par mois (soit environs moins que le prix moyen dâ€™un livre) donc vous Ãªtes rentable dÃ¨s le premier livre lu par mois. La catalogue proposÃ© par lâ€™offre est Ã©norme, par exemple tous les livres Harry Potter sont prÃ©sents.Dâ€™autres options font tout le charme de cette liseuse : le systÃ¨me dâ€™exploitation est bien pensÃ©, et imaginÃ© pour les tablettes Ã  Ã©cran E-Ink, donc mÃªme sur la version la plus entrÃ©e de gamme, vous aurez une tablette fluide. Dâ€™autre part, certaines options sont gÃ©niales, comme la possibilitÃ© de rester appuyÃ© sur un mot et dâ€™en avoir la dÃ©finition, mÃªme hors ligne, ou avoir plus dâ€™informations telles que des traductions ou des informations tirÃ©es de WikipÃ©dia.Lâ€™autonomie est gigantesque si vous lisez en hors ligne et de jour (sans rÃ©troÃ©clairage), mais si vous activez le Wifi et le rÃ©troÃ©clairage, lâ€™autonomie sera Ã©norme, mais forcÃ©ment moins bonne. Mais Ã©norme quand mÃªme.Pour le prix sans promotion, je recommande Ã  100%, alors si vous avez une promotion (des fois aux alentours de 55â‚¬) alors foncez sans hÃ©siter."
31,"Kindle, maintenant avec un Ã©clairage frontal intÃ©grÃ© | Sans publicitÃ©s, noir","Kindle, maintenant avec un Ã©clairage frontal intÃ©grÃ©",1.0,"Se dÃ©charge vite, dÃ©cevant.... Pas le choix de livres qu'il faut en KINDLE, dÃ©cevant...."
32,"Kindle, maintenant avec un Ã©clairage frontal intÃ©grÃ© | Sans publicitÃ©s, noir",BluffÃ© !,5.0,"Personnellement je ne suis pas fan de lecture... Mais vraiment pas !!! Mais vraiment vraiment pas!!!!Cet article nous pouvons le dire que c'est plus ou moins un Achat compulsif!!!!J'ai profite des prime day pour le l'offrir sinon je ne l'aurai jamais achetÃ©.Et bien je suis tout simplement bluffÃ© !!!Je suis dÃ©jÃ  a 4 livres, ca ne met jamais arrivÃ© dans ma vie de lire autant !!!Je suis devenu fan de cet outil.Simple d'utilisation, grosse autonomie c'est un vrai rÃ©gal !!!! J'arrive Ã  enchaÃ®ner les livres sa's aucun souci. Nous pour lire plusieurs livres en mÃªme temps sans problÃ¨me.L'encre numÃ©rique est un vrai bonheur pour les yeux pas de douleur, pas de fatigue.....Je suis vraiment sous le charme.Perso j'ai choisi celle avec les pubs.Vous pouvez foncez sans problÃ¨me, elles sont invisibles !!! Seulement en veille donc aucun problÃ¨me pour le lecteur.Vous pouvez foncer !!!!!Seul problÃ¨me avec cette Kindle c'est le prix de la protection, presque le prix de cette liseuse c'est juste honteux!Jai donc choisi une protection autre et pour le prix j'en suis ravi!!!!Vous pouez y aller les yeux fermÃ©s!!!!Cette Kindle est magique"
33,"Kindle, maintenant avec un Ã©clairage frontal intÃ©grÃ© | Sans publicitÃ©s, noir",en panne le jour de son activation,1.0,"AprÃ¨s avoir enregistrer trois ou quatre livre je m'aperÃ§ois que l'Ã©cran est Ã©teint et ne s'allume plus . Il reste sur l'Ã©cran qui dit ""votre prochaine lecture vous attend"". il est chargÃ©, j'ai activÃ© le bouton principale, rien n'y fait. Je voudrais un remplacement svp? Comment dois-je procÃ©der? Cordialement"
34,"Kindle, maintenant avec un Ã©clairage frontal intÃ©grÃ© | Sans publicitÃ©s, noir",Pire kindle que jâ€™ai jamais eu,1.0,"Câ€™est la pire kindle que jâ€™ai jamais eue. Je ne sais pas si câ€™est parce quâ€™elle a un dÃ©faut, mais je nâ€™avais pas pensÃ© Ã  cette possibilitÃ© au dÃ©but donc aprÃ¨s jâ€™ai laissÃ© tomber lâ€™idÃ©e de la retourner.Elle change souvent de page toute seule. Jâ€™ai lâ€™impression que le tactile fonctionne mÃªme quand on touche seulement le plastique qui entoure lâ€™Ã©cran. Et elle sâ€™allume toute seule trÃ¨s facilement dans mon sac. Donc je dois souvent chercher oÃ¹ jâ€™en Ã©tais dans la lecture.Câ€™est horrible, elle me tape sur les nerfs et je lis moins quâ€™avant. La version prÃ©cÃ©dente fonctionnait beaucoup mieux.Le seul avantage câ€™est que lâ€™Ã©clairage intÃ©grÃ© est suffisamment faible au niveau 1 pour pouvoir lire dans le noir sans que Ã§a explose les yeux, donc quand je lis le soir je peux Ã©teindre la lampe de chevet et je ne dÃ©range pas mon partenaire.Mais parfois quand jâ€™allume lâ€™Ã©cran, la luminositÃ© est Ã  fond (alors quâ€™elle devrait encore Ãªtre Ã  1) donc quand je lâ€™allume je dois la poser Ã  lâ€™envers sur le lit et la tourner doucement pour vÃ©rifier que la luminositÃ© nâ€™a pas buguÃ©, sinon Ã§a fait mal aux yeux."
35,"Kindle, maintenant avec un Ã©clairage frontal intÃ©grÃ© | Sans publicitÃ©s, noir",TrÃ¨s dÃ©Ã§u par cette liseuse. Bien meilleure lecture sur mon Ipad ou Iphone,2.0,"Cette liseuse est trÃ¨s, trÃ¨s dÃ©cevante quand on est habituÃ© depuis longtemps Ã  la grande facilitÃ© (intuitivitÃ©) et fluiditÃ© de lecture sur un Ipad ou un Iphone (ou mÃªme sur mon Imac) avec application Kindle.-par elle-mÃªme excellente-. On a un peu l'impression de revenir Ã  la technologie du siÃ¨cle passÃ© ou de repasser de la TV couleur au noir et blanc...Je me demande pourquoi j'ai achetÃ© Ã§a.. Navigation absolument pas intuitive, Ã©crans compliquÃ©s, menus et sous menus Ã  n'en plus finir, on n'arrive pas Ã  lire les couvertures des livres prÃ©sentÃ©s dans la bibliothÃ¨que tellement les images sont minuscules et N/B , sauts de pages saccadÃ©s et lents avec passage au noir entre chaque page trÃ¨s gÃªnant , aucune fluiditÃ©, lisibilitÃ© et Ã©clairages faibles, format trop petit de l'appareil qu'on ne tient pas bien en main, effleurements intempestifs du clavier qui provoquent des sauts de pages non voulus. On finit par ne plus savoir ou on en est dans le livre et comment revenir Ã  ce qu'on a perdu. Je ne comprends vraiment pas ce que Ã§a apporte par rapport Ã  la lecture sur un smartphone de bonne qualitÃ© (c'est en rÃ©alitÃ©, mÃªme bien en dessous..).En outre, j'ai pris la version avec pub obligatoire(offre spÃ©ciale!...) . C'est trÃ¨s gÃªnant; on dirait que l'appareil est un panneau publicitaire!!  Je suis client Amazon depuis longtemps. C'est la premiÃ¨re fois que je suis dÃ©Ã§u par un produit (trÃ¨s en retrait de tous les commentaires que j'ai lus).En outre, j'ai pris la version avec pub obligatoire (offre spÃ©ciale!...!) . C'est trÃ¨s gÃªnant; on dirait que l'appareil est un panneau publicitaire!!  Je pense que je vais le retourner car il ne me sert Ã  rien...et me complique la lecture."
36,"Kindle, maintenant avec un Ã©clairage frontal intÃ©grÃ© | Sans publicitÃ©s, noir",Parfaite,5.0,"Je l'ai depuis 3 mois maintenant et j'en suis trÃ¨s contente ! Je ne pensais pas autant aimer lire sur ""tablette"" et pourtant ! Je ne suis mÃªme pas sÃ»re de revenir aux livres papier. De plus, quel gain de place et de poids cela va Ãªtre dans ma valise ! Le seul truc qui me frustre un peu, c'est le cÃ´tÃ© noir et blanc. Et parfois le tactile manque de rÃ©activitÃ©. Je ne l'ai pas encore utilisÃ©e en extÃ©rieur et notamment en plein soleil, on verra bien. L'autonomie de la batterie est vraiment bonne. Par contre c'est vrai que c'est embÃªtant quand tu es prise dans ton livre et que Ã§a te dit de recharger, mais bon, c'est le jeu ma pauvre Lucette ! Je l'ai prise avec la pub. La pub c'est la proposition d'un bouquin quand on allume la liseuse, c'est tout ! J'ai bien fait d'Ã©conomiser 10â‚¬. Je ne comprends pas les gens qui s'en plaignent -_- Bref, je suis vraiment ravie de cet achat que j'ai eu en promo Ã  59â‚¬ au lieu de 79â‚¬. Que demander de plus :p"
37,"Kindle, maintenant avec un Ã©clairage frontal intÃ©grÃ© | Sans publicitÃ©s, noir",Facile et lÃ©ger,5.0,"Petit et lÃ©ger, il se glisse dans tous les sacs. La taille est limite, je ne dirais pas non Ã  un Ã©cran un peu plus grand.Utilisation pratique et intuitive. L'Ã©cran rÃ©pond bien mais parfois il se met Ã  passer les pages dans le mauvais sens et saute plusieurs pages d'un coup. Je n'ai toujours pas compris exactement Ã  quoi cela est dÃ». Pour le reste, la rÃ©partition des zones tactiles pour le tournage de page rend ce tournage de page facile mÃªme Ã  une seule main.L'Ã©clairage est satisfaisant et permet de lire dans le noir, mÃªme avec la luminositÃ© au minimum.L'affichage est confortable et l'Ã©cran mat permet de lire facilement Ã  l'extÃ©rieur. Le fond est blanc-gris.  La dÃ©finition est bonne, on voit un peu les bordures de pixels mais Ã§a suffit pour la lecture.C'est ma premiÃ¨re liseuse et elle me satisfait amplement. Il s'agit d'une des liseuses les moins chÃ¨res du marchÃ© et j'en suis pleinement satisfait !"
38,"Kindle, maintenant avec un Ã©clairage frontal intÃ©grÃ© | Sans publicitÃ©s, noir",Change la faÃ§on de lire!,5.0,"Jâ€™ai mis Ã©normÃ©ment de temps avant de me dÃ©cider Ã  tester Kindle. Plusieurs membres de ma famille en ont depuis de nombreuses annÃ©es mais jâ€™Ã©tais trÃ¨s rÃ©ticent Ã  lâ€™idÃ©e de lire sur un Ã©cran.Quelle erreur ! Cet Ã©cran en e-ink nâ€™a absolument rien Ã  voir avec un Ã©cran classique de tablette. Il ne fatigue pas du tout les yeux, le texte est trÃ¨s lisible. Le rÃ©tro Ã©clairage est une option qui peut servir pour ceux qui lisent dans le noir mais sinon elle est inutile. Lâ€™Ã©cran a un toucher type papier assez convaincant, lâ€™appareil est lÃ©ger et dâ€™un bon format.Le choix de livres sur la boutique kindle est gigantesque et il y a Ã©normÃ©ment de livres gratuits aussi. Vous pouvez mÃªme y mettre vos propres fichiers en convertissant vos PDF ou EPUB vers le format kindle grÃ¢ce Ã  un logiciel adaptÃ©.Oui il y a une certaine latence du fait de lâ€™Ã©cran utilisant de lâ€™encre Ã©lectronique. Personnellement Ã§a ne me gÃªne pas du tout.Vous avez le choix entre une version avec ou sans pub pour une dizaine dâ€™euros de diffÃ©rence. Jâ€™ai optÃ© pour Â«Â sansÂ Â» par principe mais jâ€™ai vu des kindles qui en avaient et elles nâ€™apparaissent que quand lâ€™appareil est en veille.Lâ€™autonomie est Ã©norme, jâ€™ai rÃ©cemment abandonnÃ© mon appareil pendant deux mois car pas le temps de lire et quand je lâ€™ai repris la batterie Ã©tait encore Ã  65% et lâ€™appareil toujours allumÃ©.Je ne regrette pas cet achat. Je regrette de ne pas lâ€™avoir achetÃ© avant!"
39,"Kindle, maintenant avec un Ã©clairage frontal intÃ©grÃ© | Sans publicitÃ©s, noir",Boutique en mauvaise langue,3.0,"Alors maintenant que tout est bien configurer je suis content de ce produit mais j'ai failli le renvoyer.Je l'allume et la lie avec mon compte Amazon.fr et la, la tablette est en FR mais la boutique en allemand !L'enfer, aprÃ¨s des heures de recherches sur la tablette impossible de mettre la boutique en franÃ§ais. Apres avoir fouiner sur des forums j'ai trouvÃ© la solution, je l'explique briÃ¨vement si jamais cela peut en aider d'autre :- Aller sur la version PC d'Amazon.fr, aller dans ""GÃ©rer vos contenus et vos appareil"" sous ""Compte et listes""- Onglet PrÃ©fÃ©rence- Cliquer sur ParamÃ¨tres de pays/rÃ©gion- Changer ici votre adresse, peu importe la rue, le pays ici est importantAmazon demandera donc si vous souhaiter transfÃ©rer le compte Kindle vers Amazon.fr, acceptez.Cela m'Ã©tonne de la part d'Amazon de ne pas rendre cette option plus facilement accessible.Pour l'envoi des ebook gratuits trouvÃ©s ailleurs que sur Amazon :- Convertir le pdf ou autre en .mobi- Envoyer le .mobi Ã  votre adresse Kindle- Celui-ci apparaÃ®tra directement sur votre Ã©cran d'accueil, pratique.La liseuse possÃ¨de Ã©galement un navigateur web expÃ©rimental.Content de mon achat mais j'ai l'impression que l'interface utilisateur a Ã©tÃ© baclÃ©e en une aprÃ¨s midi.Je ne la trouve pas du tout optimisÃ©e pour ce genre d'appareil. Heureusement cela sera sÃ»rement amÃ©liorÃ© dans les futures mises-Ã -jours. Niveau matÃ©riel, trÃ¨s confortable et trÃ¨s lÃ©ger, je l'utilise Ã  la plage, pour Ã§a c'est parfait."
40,"Kindle, maintenant avec un Ã©clairage frontal intÃ©grÃ© | Sans publicitÃ©s, noir",Bon achat malgrÃ© l'interaction des lecteurs sur les livres,4.0,"Assure rÃ©ticente aux liseuses, je me suis laissÃ©e tenter par celle ci pour allÃ©ger ma valise dans l'avion.Et j'en suis ravie .Tout d'abord un peu surprise de l'Ã©cran blanc et de l'absence de couleur comparÃ© Ã  l'application de mon tÃ©lÃ©phone, je suis vraiment contente de cet achat.Une seule chose me dÃ©range, c'est l'interaction de tous les lecteurs.En effet si je surligne un passage Ã§a le surligne pour tous les lecteurs. Ce qui n'est pas trop grave .Mais si je supprime un mot ou un passage , Ã§a supprime pour tout les monde .J'ai achetÃ© un livre sur Kindle et Ã  trois reprises il manque des lignes ... D'oÃ¹ les 4 Ã©toiles sur 5!Sinon la durÃ©e de la batterie est vraiment incroyable, cela fait 15 jours que je l'ai reÃ§u et chargÃ© , je n'ai mÃªme pas utilisÃ© la moitiÃ© de la batterie.L'Ã©clairage est un vrai plus quand on lit dans le noir . Et il se rÃ¨gle aisÃ©ment.Quand Ã  sa taille , l'Ã©quivalent d'un livre de poche, parfait pour entrer dans un sac . Et son petit poid le fait lÃ©ger ."
41,"Kindle, maintenant avec un Ã©clairage frontal intÃ©grÃ© | Sans publicitÃ©s, noir",Pas de 4GO de stockage!! Info mensongÃ¨re,3.0,"Je viens d'acheter ce kindle, lequel est censÃ© avoir 4GO de stockage, mais il y a que 2.75GO.Je viens dâ€™appeler au service client, on mâ€™a expliquÃ© que le reste des 4GO, soit 1.25GO, es utilisÃ© par le logiciel de la liseuse.Or nul part on voit Â«Â 4GOÂ Â» affichÃ© dans infos sur lâ€™appareil. Cf photo en pjJâ€™ai toujours des doutes sur ces informations, surtout parce que Ceci nâ€™est pas expliquÃ© dans la description du produit. Je suis un peu dÃ©Ã§ue pour ce manque de clartÃ©."
42,"Kindle, maintenant avec un Ã©clairage frontal intÃ©grÃ© | Sans publicitÃ©s, noir",Bof,1.0,Je nâ€™ai pas aimÃ© cette tablette et lâ€™ai renvoyÃ©.Le tactile nâ€™Ã©tait pas assez rÃ©actif Ã  mon goÃ»t. Jâ€™ai trouvÃ© la luminositÃ© fade. Ã‡a ne me donner pas envie de lire. AprÃ¨s peut Ãªtre est-ce parce que jâ€™aime le livre papier mais que jâ€™espÃ©rais me simplifier les choses avec cette tablette. Mais je ne suis pas du tout convaincu. Je pense que le manque de couleur mâ€™a en fait dÃ©couragÃ© dans la lecture.Mais cela dÃ©pend sÃ»rement des personnes et de ce quâ€™on recherche.
43,"Kindle, maintenant avec un Ã©clairage frontal intÃ©grÃ© | Sans publicitÃ©s, noir",OK pour une premiÃ¨re tablette. Design cheap et peu Ã©lÃ©gant,2.0,"Cette tablette est ma premiÃ¨re. Elle est petite, pratique et lÃ©gÃ¨re. On l'emporte partout sans problÃ¨me. Ce sont les points positifs et Ã§a s'arrÃªte lÃ .Pour le reste, le design est cheap et peu Ã©legant pour moi.Le systÃ¨me Amazon qui nÃ©cessite de rÃ©guliÃ¨rement tÃ©lÃ©charger sa bibliothÃ¨que peut Ãªtre trÃ¨s Ã©nervant si Ã§a vous n'avez pas pensÃ© Ã  vÃ©rifier que votre bibliothÃ¨que est bien chargÃ©e avant de sortir de chez vous. En cas de zone non WiFi et sans 4G, vous ne pourrez lire aucun de vos livres !Je n'aime pas non plus le systÃ¨me de page d'accueil qui vous dirige automatiquement sur des propositions d'achat.La luminositÃ© est adaptÃ©e aux yeux sensibles et fatiguÃ©s (c'est la base pour une tablette de lecture) mais c'est moins pratique et lumineux de surligner les mots et phrases que sur le Kindle de votre tÃ©lÃ©phone.Bref, je ne suis ni sÃ©duite ni enchantÃ©e par cette tablette Kindle mais je suis contente de dÃ©couvrir le principe de la tablette Ã©lectronique. Il est aujourd'hui incontournable d'avoir accÃ¨s Ã  sa bibliothÃ¨que de faÃ§on nomade ainsi qu'Ã  un dictionnaire."
44,"Kindle, maintenant avec un Ã©clairage frontal intÃ©grÃ© | Sans publicitÃ©s, noir",Un outil gÃ©nial malgrÃ© son humble apparence.,4.0,"AprÃ¨s plusieurs mois d'utilisation, je suis tombÃ© amoureux de ce petit appareil et je ne peux plus m'en passer. Compagnon du soir, compagnon de salles d'attentes, compagnon de multiples heures de mes journÃ©es, il est devenu aussi indispensable que mon PC. Mieux, il me repose les yeux, lui ! Se savoir accompagnÃ© de sa librairie en permanence,  pouvoir en quelques secondes, retrouver des pages et des passages marquÃ©s, voire ses notes et pense-bÃªte, est un vrai plaisir. Solide, durable, le rythme de recharge qui se fait oublier, le dictionnaire intÃ©grÃ©, la lumiÃ¨re rÃ©glable qui m'Ã©vite de rÃ©veiller mes proches si une soudaine envie de lire me prend dans la nuit. Cet un outil humble et discret, mais terriblement indispensable pour sa plus grande qualitÃ©, sa souplesse.J'adore le Kindle.Je regrette juste la taille de son Ã©cran pour les Mangas car les textes sont parfois difficiles Ã  lire sur certains d'entre-eux. Pour tous les autres bouquins, l'ajustement de la taille des polices de caractÃ¨res est au poil, surtout si vous avez des problÃ¨mes de vue comme moi.C'est ma premiÃ¨re liseuse. J'ai profitÃ© d'une promotion pour voir si cela me plairait, et je ne le regrette pas. Ma prochaine sera plus grande. En attendant, elle a fait des petits et je partage mes livres via le freetime avec ma famille qui l'a trÃ¨s vite adoptÃ©.Le kindle est pour moi un des meilleurs produits d'Amazon. Simple, solide, lÃ©ger, durable, possÃ©dant une grande autonomie, discret et tenant dans mes poches."
45,"Kindle, maintenant avec un Ã©clairage frontal intÃ©grÃ© | Sans publicitÃ©s, noir",Version 8GO,5.0,"J'ai eu la surprise de recevoir un modÃ¨le de 8GO alors qu'il est indiquÃ© 4GO sur le site. PlutÃ´t trÃ¨s bonne surprise :)Prix de remise attractif Ã  55 au lieu de 80, j'ai eu 10â‚¬ de rÃ©duction encore car retard de livraison donc au final un produit a 45â‚¬ avec 8GO de stockage, rien Ã  dire c'est top.L'Ã©clairage est bon.Le plastique est correct.Le produit est pas trop lourd et la prise en main est facile.Seule inquiÃ©tude en achetant sur internet c'est les 167PPI, mais au final pour une lecture normale (hors BD peut-Ãªtre), c'est trÃ¨s bon.Si vous avez peur de ne pas pouvoir transfÃ©rer des livres Ã©lectroniques en format EPUB, sachez qu'il existe un logiciel gratuit sur PC et MAC qui s'appelle Calibre et qui permet la conversion en AWZ3 en quelques secondes.De maniÃ¨re gÃ©nÃ©ral, je suis satisfait du produit.Ah oui, prenez le produit avec PublicitÃ© a 10â‚¬ de moins, si la pub vous gÃ¨ne une fois le produit, Ã§a coute 10â‚¬ pour la faire retirer... Mais Ã§a vaut le coup de voir en vrai avant de se dÃ©cider a dÃ©penser 10â‚¬."
46,"Kindle, maintenant avec un Ã©clairage frontal intÃ©grÃ© | Sans publicitÃ©s, noir",Petite mais addictive,4.0,"J'ai rÃ©cemment voulu changer de liseuse, car ma prÃ©cÃ©dente avait eu un choc, endommangeant l'Ã©cran. Ã‰galement une kindle, et satisfait de l'expÃ©rience, je me suis donc tournÃ© vers la mise Ã  jour de mon modÃ¨le car celui-ci me convenait trÃ¨s bien. Cette liseuse est une trÃ¨s bonne entrÃ©e en matiÃ¨re, afin de faire ses premiers pas dans le monde de la lecture sur Ã©cran Ã  encre Ã©lectronique. Elle a toutes les caractÃ©ristiques que je cherche : batterie longue durÃ©e (prÃ¨s d'un mois d'autonomie avec mon usage), assez de stockage pour avoir une dizaine de livres d'avance, et surtout le gros plus de cette mise Ã  jour : l'Ã©clairage intÃ©grÃ© ! PrÃ©cÃ©demment, cela ne me dÃ©rangeait pas d'utiliser un Ã©clairage d'appoint pour lire, mais une fois qu'on est habituÃ© Ã  cet Ã©cran Ã©clairÃ©, on ne peut plus s'en passer. En effet, la puissance de l'Ã©clairage est rÃ©glable, et diablement efficace, mÃªme dans le noir complet, sans pour autant fatiguer les yeux. Un petit point Ã  noter tout de mÃªme, est qu'il faut parfois s'y reprendre Ã  deux fois pour tourner les pages en appuyant, comme quoi mÃªme la liseuse ne veut pas que je lise aussi vite ! Mais cela n'est en rien dÃ©rangeant. Le catalogue amazon est d'ailleurs bien fourni en terme de livres, et la plupart des classiques sont gratuits en tÃ©lÃ©chargement, de quoi bien commencer, avant de l'adopter dÃ©finitivement."
47,"Kindle, maintenant avec un Ã©clairage frontal intÃ©grÃ© | Sans publicitÃ©s, noir",Bien pour l'Ã©clairage mais pas le tactile,4.0,"J'ai eu au moins trois gÃ©nÃ©rations de Kindle diffÃ©rentes, donc je suis une inconditionnelle. J'ai craquÃ© pour cette version pour avoir l'Ã©clairage quand je lis au lit. L'Ã©clairage est super, on peut le mettre Ã  toute petite intensitÃ©. Par contre l'Ã©cran tactile n'est vraiment pas sensible. Il faut parfois appuyer 3 fois pour changer de page par rapport aux versions prÃ©cÃ©dentes. Parfois, sans raison, cette tablette se bloque et change de page toute seule sans s'arrÃªter. Il faut alors fermer la tablette et la rÃ©ouvrir. Bref Ã©clairage top, tactile bof."
48,"Kindle, maintenant avec un Ã©clairage frontal intÃ©grÃ© | Sans publicitÃ©s, noir",une batterie qui tient 10 heures de lecture,1.0,"J'ai achetÃ© cette kindle car je pensais que la batterie de l'ancienne kindle Ã©tait fatiguÃ©e. La batterie de cette kindle est aussi nulle que l'ancienne.10 heures de lecture en mode avion, sans Ã©clairage !!!!! Elle a l'autonomie d'un livre de 500 pages !Pire, je n'en croyais pas mes yeux : elle perd de la charge mÃªme Ã©teinte !J'utilise l'une ou l'autre en voyage depuis plusieurs annÃ©es, 3/4 soirÃ©es de lecture et hop direction rechargement... Je trouve cela inadmissible pour un appareil noir et blanc qui ne devrait quasiment pas consommer. Si j'ai bien saisi, c'est le systÃ¨me d'indexation useless complet, qui tourne en boucle, qui bouffe de la batterie. DÃ©sactivez donc moi Ã§a !!!!Pire deuxiÃ¨me, le systÃ¨me de rangement quand vous avez beaucoup de livres.  TrÃ¨s pÃ©nible de ranger par catÃ©gories ou dossier ses livres. Ce serait si compliquÃ© d'avoir une interface Ã  la Windows quand on la connecte sur un PC, pour faire du classement, crÃ©er des sous dossiers ? Je classe plus facilement mes centaines de MP3 dans un lecteur MP3 Ã  10 euros que sur ces Kindle !Bref, la popularitÃ© de la Kindle pour un gros lecteur n'a qu'une explication : aucune concurrence ailleurs malheureusement."
49,"Kindle, maintenant avec un Ã©clairage frontal intÃ©grÃ© | Sans publicitÃ©s, noir",Tout d'une grande,5.0,"TrÃ¨s bonne liseuse Ã  bas prix, le rÃ©troÃ©clairage Ã©tait ce qui lui manquait pour Ãªtre parfaite, c'est ma 4eme liseuse, mÃªme si j'utilise la liseuse plus haute gamme, mon fils a profitÃ© des liseuses d'entrÃ©e de gamme, la premiÃ¨re achetÃ©e en entrÃ©e de gamme, Ã  rapidement eu des problÃ¨mes de batterie d'oÃ¹ cette nouvelle tentative, et lÃ  que du positif. Si ce n'est la qualitÃ© de l'affichage (je vois la diffÃ©rence avec celle que j'utilise, mais mon fils ne la vois pas ), elle a tout d'une grande, son Ã©cran est bien lisible de jour (bon contraste sans reflet), et bien visible la nuit dans l'obscuritÃ©, je la recommande vivement pour  ceux qui ne veulent pas se ruiner dans une liseuse."
